Sr_No,video_Title,video_description,likes,video_url
2,How Jaiyesh Cracked Data Science Job In Siemens From Petroleum Engineering @iNeuroniNtelligence,Cracking a data science job becomes easy when you follow a disciplined routine and process. Hear out Jaiyesh Story how he cracked data sscience job in SiemensTimestamp:,79,https://www.youtube.com/watch?v=Tyf1XrbDNrs
3,Will Chatgpt Kill Your Creativity?,Best Affordable Data Science Course From Pwskills(6-7 Months)Impact Batch:- Data-Science-Masters (Full Stack Data Science),142,https://www.youtube.com/watch?v=0m2r9elReBY
4,Successful Data Science Career Transition Of Shiva To Cisco With High Package @iNeuroniNtelligence,Best Affordable Data Science Course From Pwskills(6-7 Months)Impact Batch:- Data-Science-Masters (Full Stack Data Science),129,https://www.youtube.com/watch?v=bO5NzPWakPs
5,How Raghav Got 6 Offers In Data Science Coming From Non Technical Domain @iNeuroniNtelligence,,356,https://www.youtube.com/watch?v=0vnaw8soiO4
6,Sucessful Transition Story From Mechanical Eng ,UPSC Aspirant To Data Analyst Apprentice At Google,,164,https://www.youtube.com/watch?v=AcAmDZcmVMM
7,Can We Earn More From FreeLancing Than Full time Jobs? Steps To Start Your Free Lancing Career,Starting a freelancing career can be an exciting and fulfilling way to work on your own terms and build a stable income. To begin, start by identifying your skills and what services you can offer as a freelancer. Next, create a portfolio that showcases your work and set up profiles on popular freelancing ,278,https://www.youtube.com/watch?v=MQDqGpmB_kQ
8,Google Chatbot Alternative To ChatGPT- Who Will Win?,Google is testing ChatGPT-like products that use its LaMDA technology, according to sources and internal documents acquired by CNBC.Check the below article,372,https://www.youtube.com/watch?v=ePWQwNWwWfQ
9,How To Build Ideas For Real World Data Science Projects For Interviews,Building Real World Data Science Project is a creative process 1. Find out the data scource. Look For a real World dataset,399,https://www.youtube.com/watch?v=qgf4_5ximzI
10,Reality Of Data Science Work- What We Learn Vs What We Work In Industries,In reality, data science work often involves more data cleaning, preprocessing, and feature engineering than the more glamorous tasks like model building and deployment. The difference between what is learned in academia and what is practiced in industry is often due to the emphasis placed on,1K,https://www.youtube.com/watch?v=HbLA-8vvc_U
11,AvgWord2vec Indepth Intuition And Practical Implementation,Word2vec is a popular technique for modelling word similarity by creating word vectors. It's a method that uses neural networks to model word-to-word relationships. Basically, the algorithm takes a large corpus of text as input and produces a vector, known as a context vector, as output,76,https://www.youtube.com/watch?v=cyvkMFZnheo
12,Word Embeddings, Word2Vec And CBOW Indepth Intuition And Working- Part 1 | NLP For Machine Learning,,138,https://www.youtube.com/watch?v=Q95SIG4g7SA
13,Demo Of AI Powered Nvidia Broadcast Eye Contact,,191,https://www.youtube.com/watch?v=ZX79iA7CILE
14,My Thoughts On Recent Layoffs And Recession,We at PW Skills are happy to announce below Data Science masters course Best Affordable Data Science Course From Pwskills(6-7 Months),1.3K,https://www.youtube.com/watch?v=I5UFW1ob_U4
15,PCA Indepth Geometric And Mathematical InDepth Intuition ML Algorithms,,267,https://www.youtube.com/watch?v=H99JRtDDnvk
16,I Used Chatgpt To Create My Own Private Web Browser,,475,https://www.youtube.com/watch?v=cTkPug1q8Pk
17,Data Collection Stratergy For Machine Learning Projects With API's- RapidAPI,Millions of developers use the RapidAPI platform to build, use, and share thousands of APIsYour development teams, partners and customers can discover and connect to your APIs — all from a single, next-generation API Platform. RapidAPI Enterprise can be customized to match your c,431,https://www.youtube.com/watch?v=G7W1LzhbfGE
18,Why To Choose Data Science As A Career In 2023?,Data science is a rapidly growing field with many job opportunities in a variety of industries. Organizations are increasingly recognizing the value of data in informing their decision-making, and as a result, there is a high demand for professionals with the skills to collect, analyze, and interpre,755,https://www.youtube.com/watch?v=dcGwuETxhrk
19,The Ultimate 2023 Data Analyst Roadmap: From Zero to Hero|Krish Naik,,1.6K,https://www.youtube.com/watch?v=xSCeY4dg17Y
20,Top 6 CI/CD Tools for MLOPS Engineers,We at PW Skills are happy to announce below Data Science BatchImpact Batch:- Data-Science-Masters (Full Stack Data Science),216,https://www.youtube.com/watch?v=5tjk-wecXLc
21,6 Months Data Science RoadMap 2023,,2.2K,https://www.youtube.com/watch?v=NWzbdWf7Yts
22,Create Amazing Data Science Resume Using ChatGPT- Try It Out,We at PW Skills are happy to announce below Data Science BatchImpact Batch:- Data-Science-Masters (Full Stack Data Science),673,https://www.youtube.com/watch?v=QLs5qXJvaEQ
23,Amazing Data Science Content In 2023,We at PW Skills are happy to announce below Data Science BatchImpact Batch:- Data-Science-Masters (Full Stack Data Science),715,https://www.youtube.com/watch?v=P99OTAXqowo
24,Amazing Things That ChatGPT Can Do!!,,406,https://www.youtube.com/watch?v=Wj_SPwjqFxE
25,A New Revolution For Tech Education | Democratizing The Future of Education,As per our commitment to delivering technology-related knowledge, we are happy to announcePW Skills is collaborating with iNeuron a tech-centric ed-tech organization to revolutionize th,478,https://www.youtube.com/watch?v=Gd2B3kUE6Y4
26,One Thing You Need To Acquire To Learn Any Technology- Must Watch,As we have come to the year end all the courses in ineuron will be available at 50% off. Utilize this opportunity and share it with your friends. ,874,https://www.youtube.com/watch?v=leW-sM3Gr-I
27,Black Friday Sales 50% off On All Courses And Mobile App Announcement @iNeuroniNtelligence,As we have come to the year end all the courses in ineuron will be available at 50% off. Utilize this opportunity and share it with your friends. ,157,https://www.youtube.com/watch?v=zLYy195oIIY
28,All Possible Ways To Apply Jobs In Data Science Industry,Last 4 days for the launch of  new Machine Learning BootcampStart Date:,1K,https://www.youtube.com/watch?v=VbaJ7eL9qFM
29,Companies That Are Hiring Aggressively For Data Science or Data Analytics Roles,,2.3K,https://www.youtube.com/watch?v=VpkM6IiaJVU
30,Best MLOPS Architecture For Data Science Projects,Check out best courses in ineuron With 30% off on this festive offerDISCOUNT CODE - KRISH30DISCOUNT LINK:-,360,https://www.youtube.com/watch?v=UyKjK0DnTaE
31,Full Stack Data Analytics 2.0 Live Batch- Best Course For Data Analyst,Last 2 days for the launch of  new Full Stack Data Analytics 2.0 with Placement AssistanceDate : 12th November,193,https://www.youtube.com/watch?v=cLHM0BNC_No
32,When Are We Launching iNeuron Mobile App- Both IOS And Android,Last 3 days for the launch of  new Full Stack Data Analytics 2.0 with Placement AssistanceDate : 12th November,272,https://www.youtube.com/watch?v=yrdPuJO31BE
33,Is Recession Coming? What You Should Do?,,2.9K,https://www.youtube.com/watch?v=X9i8TtfaI8A
35,Now Developing Your Deep Learning Application Is Easy Using Neurolab,,217,https://www.youtube.com/watch?v=ECxPOgjz_B8
37,ML Project Implementation And Deployment Using NeuroLab @iNeuroniNtelligence,,222,https://www.youtube.com/watch?v=-onwtlyBeZo
39,The Best Course For Data Science Starters With Neuro Lab @iNeuroniNtelligence,Check out best courses in ineuron With 30% off on this festive offerDISCOUNT CODE - KRISH30DISCOUNT LINK:-,214,https://www.youtube.com/watch?v=LDjtAGUvREk
40,We Are Working Hard For The Virtual Lab @iNeuroniNtelligence Happy Diwali All,Happy Diwali Everyone.,359,https://www.youtube.com/watch?v=O0hwpT_I19w
41,Need All Your Help To Test NeuroLabs Coding Platform Today At 6pm,,248,https://www.youtube.com/watch?v=8LP3s5rN70o
43,The Best Course For Data Analyst,Hello Guys,We at @iNeuron Intelligence  are happy to announce the most requested batch of the year i.e the Full Stack Data Analytics 2.0. This batch is starting from 12th November 2022 with class timings ,285,https://www.youtube.com/watch?v=sOEGU_UWQUw
44,We Have An Amazing Gift For Every Developers And Coders @iNeuroniNtelligence,Hello Guys,We at @iNeuron Intelligence  are happy to announce the most requested batch of the year i.e the Full Stack Data Analytics 2.0. This batch is starting from 12th November 2022 with class timings ,4.9K,https://www.youtube.com/watch?v=McBWLEoY9fk
45,Live Full Stack Data Analytics Bootcamp 2.0 Course For Data Analyst @iNeuroniNtelligence,Hello Guys,We at @iNeuron Intelligence  are happy to announce the most requested batch of the year i.e the Full Stack Data Analytics 2.0. This batch is starting from 12th November 2022 with class timings ,300,https://www.youtube.com/watch?v=_8TJTi3WMjw
46,Power Of Internship For Your First Data Science Job- Transition Story Of Rohan,,798,https://www.youtube.com/watch?v=CLvqX15_UA4
47,RoadMap For 30 Days Data Science Interview Preparation With Materials @iNeuroniNtelligence,,1.8K,https://www.youtube.com/watch?v=QnDIY-nRHPw
49,Resume Discussion To Crack Data Science Jobs For Freshers- Just Follow The Process,,1.3K,https://www.youtube.com/watch?v=wr6Abu-aDsA
50,New Research-How To Stay Updated In AI-Action And Text To Motion Models Using AI,iNeuron has launched a new Dussehra offer SPECIAL 30% OFF across all iNeuron products such as job guarantee courses & worlds first OTT platform for education (200+ Courses),165,https://www.youtube.com/watch?v=SvgOCCwsroY
51,Do Not Miss This Opportunity From @iNeuroniNtelligence - Start Getting Skilled,iNeuron has launched a new Dussehra offer SPECIAL 30% OFF across all iNeuron products such as job guarantee courses & worlds first OTT platform for education (200+ Courses),178,https://www.youtube.com/watch?v=lO01XcR-gH0
52,Amazing AI Use Cases-Google Cloud ML Increases On Time Flight Using Wind Forecasting,,238,https://www.youtube.com/watch?v=pRbW2G4rVrw
53,Complete RoadMap To Learn AIOPS or MLOPS,You can still join the Data Science Industry Ready Projects Course which started on 24th September. In this course we will be learning how to implement end to end data science projects with deployments, data pipeline implementation, ml pipeline implementation.Check out the course below and av,792,https://www.youtube.com/watch?v=f8AtpzmRzFc
54,This Is How We Teach In Ineuron: Introduction Session Industry Ready Projects,,300,https://www.youtube.com/watch?v=OK-7VsVVejg
55,Data Science Industry Ready Project Course Announcement For Everyone-24th September,,468,https://www.youtube.com/watch?v=5W9QiJo95Ws
56,Detailed Interview Process To Crack FAANG Companies- Ft:@PriyaBhatia,,217,https://www.youtube.com/watch?v=IesLltOZZhY
57,Roadmap To Crack Your First Data Science Job,Hello All,Today we are Launching Full Stack Data Scientist Bootcamp 2.0 With job guaranteed starting from September 17th 2022 from 03:00 PM to 06:00 PM (IST) Saturday - Sunday and 6pm-8pm will ,982,https://www.youtube.com/watch?v=V20ZZt8lVxM
58,Detailed Roadmap To Learn Data Stuctures And Algorithms Ft: @PriyaBhatia,,666,https://www.youtube.com/watch?v=IX4QhQlJoDg
59,Data Science Jobs And Salary Are Booming!! Watch This Video To Know How?,,997,https://www.youtube.com/watch?v=QZMWr0BOeQA
60,How 5 Years Career Gap Student Made A Transition to Data Science- Ft: @iNeuroniNtelligence,,801,https://www.youtube.com/watch?v=FzwJoHawwwI
61,Last Day To Avail 30% off On All Courses @iNeuroniNtelligence,Today is the last day for the offering of 30% off on all the courses  @iNeuron Intelligence  . Use Krish30 as the coupon code. Happy Learning!!Check out all the courses link below. This offer is valid till 11th September,75,https://www.youtube.com/watch?v=2CRY5BYf-js
62,Why Statistics Is Super Important For Data Science? Must Watch,,427,https://www.youtube.com/watch?v=pZakG-kIt_o
63,Solving FAANG DSA Interview Questions With Its Implementation,,161,https://www.youtube.com/watch?v=4VVhwfVf1k8
65,Neuro Labs Demo-Dont Worry About High Configuration Laptops @iNeuroniNtelligence,FSDS BootCamp 2.0 Course Link: bit.ly/3qalRaFHappy Teacher's Day. On the occasion of this auspicious day we at @iNeuron Intelligence are offering 30% off on all the courses. Use Krish30 as the coupon code. Happy Learning!!,215,https://www.youtube.com/watch?v=dPARXQO8dkw
66,Full Stack Data Science Bootcamp 2.0 With Job Guaranteed Course Announcement,FSDS BootCamp 2.0 Course Link: bit.ly/3qalRaFHappy Teacher's Day. On the occasion of this auspicious day we at @iNeuron Intelligence are offering 30% off on all the courses. Use Krish30 as the coupon code. Happy Learning!!,365,https://www.youtube.com/watch?v=tpXu2DnK9HA
67,Messages From Our Students -Teachers Day@Telusko @saurabhexponent1 @HiteshChoudharydotcom @MahatmajiTechnical,Happy Teacher's Day. On the occasion of this auspicious day we at @iNeuron Intelligence are offering 30% off on all the courses. Use Krish30 as the coupon code. Happy Learning!!,125,https://www.youtube.com/watch?v=58RsdQXG0IA
68,Announcing NeuroLab- World's First Free Community Coding Platform Ft: @iNeuroniNtelligence,In the Neurolabs we will be providing access to amazing IDE's such as jupyterlab, vscode and soon we will be coming up with mysql,cassandra,AWS,Azure and many more.Visit ineuron.ai,1K,https://www.youtube.com/watch?v=oUlAJe4Tp8o
69,Complete RoadMap To Learn Computer Vision,In this video we are going to dicuss about the complete roadmap to learn computer vision with help of amazing libraries like opencv, python, tensorflow.Computer vision is a subfield of Artificial Intelligence which aims to make machines intellige,594,https://www.youtube.com/watch?v=jLcuVu5xdDo
70,Hyperparameter Tuning Using Machine Learning Pipelines,,262,https://www.youtube.com/watch?v=82fPl5l0vXY
71,Solve this Data Science Interview Question From Product Based Company,Solve this Data Science interview question of Product based company-------------------------------------------------------------------------------------------------------------All Playlist in my channel,245,https://www.youtube.com/watch?v=bDJkMOvhAmc
72,FAANG Interview DSA Series-Heap Sort,Binary Tree,Min Heap and Max Heap Tree AND Interview Questions,,137,https://www.youtube.com/watch?v=AxALCZMo01Y
73,Implementing Machine Learninng Pipelines USsing Sklearn And Python,,809,https://www.youtube.com/watch?v=HZ9MUzCRlzI
74,FAANG DSA Series-Discussing Sorting Algorithms-Selection, Bubble and Insertion Sort- Ft Priya Bhatia,In this video we will be discussing about all the sorting algorithms such as selection sor ,bubble sort and insertion sort.Do subscribe Priya Youtube channel for more DSA videos.,106,https://www.youtube.com/watch?v=h9pB1RaTa2U
75,End To End Machine Learning Project Implementation With Dockers,Github Actions And Deployment,,3.4K,https://www.youtube.com/watch?v=MJ1vWb1rGwM
76,How To Prepare And Overcome Fear In Maths For Data Science- Follow This Approach,In this video I will talk about how we can overcome our fear and prepare  with maths for data science.-------------------------------------------------------------------------------------------------------------All Playlist in my channel,293,https://www.youtube.com/watch?v=Pp6CO2_YEDE
77,DSA-Discussing All Search Algorithms With Interview Based Questions- Ft: Priya Bhatia,,335,https://www.youtube.com/watch?v=-se8_ESCUTQ
78,Trackersheet That Can Make You From Zero To HERO In Data Science,,1K,https://www.youtube.com/watch?v=qJJEf6p8xH0
79,Cracking Data Science Interview Is Easy By This Approach!! Solve this Problem,In this video we will discuss about the recent interview experience of one of my subscriber and student of ineuron whi cracked a job in product based company and yes he cracked it.Check out our 30 days Data Science Interview course,784,https://www.youtube.com/watch?v=VC2BL_ChGeg
80,Just Watch!!,,599,https://www.youtube.com/watch?v=C0KW4MvNbIQ
81,Meet My Son Krishiv Naik @krishivnaikvlogs8998,,1.7K,https://www.youtube.com/watch?v=JneXvhlJW_k
82,Quick CheatSheet To Prepare For Statistics For Data Analyst And Data Scientist,,1.1K,https://www.youtube.com/watch?v=ITyGQpyMV_w
83,How To Get 1cr Data Scientist Package?,This was just an experimentation video to check how many people will click this link------------------------------------------------------------------------------------------------------------------------All Playlist in my channel,1.1K,https://www.youtube.com/watch?v=8-tyWaOFBPU
84,Data Science Mock Interview iNeuron FSDS Batch With Feedbacks,This was the recent data science mock interview conducted from ineuron FSDS Batch ------------------------------------------------------------------------------------------------------------------------All Playlist in my channel,467,https://www.youtube.com/watch?v=uwQYAH5MC8c
85,Use This Way Of Training Machine Learning Models For Efficiency,Check our coursesTechNeuron: 200+courses Lifetime Warranty,1.2K,https://www.youtube.com/watch?v=7uLzGRlXXDw
86,3 Months Updated RoadMap To Learn Machine Learning With Videos And Materials,,731,https://www.youtube.com/watch?v=9di4_ZJqawU
88,Visualizing High Dimension Data Using UMAP Is A Piece Of Cake Now,,555,https://www.youtube.com/watch?v=015vL0cJfA0
89,Advance NLP Series Announcement- Happy 76th Independence Day,,353,https://www.youtube.com/watch?v=gfvil_XC-kE
90,DSA Series-Lets Become a Pro In Queues Data Structures,A Queue is a linear structure which follows a particular order in which the operations are performed. The order is First In First Out (FIFO). A good example of a queue is any queue of consumers for a resource where the consumer that came first is served first. The difference between stacks and queue,126,https://www.youtube.com/watch?v=k2pofjdxkZ8
91,DSA Series-Lets Become a Pro In Stacks Data Structures,Stack is a linear data structure which follows a particular order in which the operations are performed. The order may be LIFO(Last In First Out) or FILO(First In Last Out).There are many real-life examples of a stack. Consider an example of plates stacked over on,212,https://www.youtube.com/watch?v=A3Xx8qaH8CQ
92,How I Easily Optimized My Blogging Website In Minutes With 10Web Booster,In this video, I've shown you how a SIMPLE WordPress Plugin will do for your website! With this easy tool at your fingertips in a matter of clicks, your page speed score will be over 90+.,60,https://www.youtube.com/watch?v=uqbIXNKL2OA
93,Automate EDA And Python Coding Using Mito Library,,323,https://www.youtube.com/watch?v=iyrEVohGQMM
94,Let's Crack Any Data Structures And Algorithms Interviews- Amazing Announcement,,527,https://www.youtube.com/watch?v=r_NxVNbA034
95,Can You Solve These Data Science Usecases?,Usecases:1. Product Recommendation2. Facil Recognition And Product Recommendation,305,https://www.youtube.com/watch?v=ux1LX83ql_M
96,General Doubts And Queries Everybody Have Before Starting Data Science ML And AI,In this video I am going to dicuss about the common queries that many people have before starting Data science,ML and AI---------------------------------------------------------------------------------------------------------,256,https://www.youtube.com/watch?v=IaDS2y6hVUc
97,History Of Machine Learning- Dicussing The Entire Timeline,Machine learning was first conceived from the mathematical modeling of neural networks. A paper by logician Walter Pitts and neuroscientist Warren McCulloch, published in 1943, attempted to mathematically map out thought processes and decision making in human cognition.,579,https://www.youtube.com/watch?v=m_nQM_AkVfY
98,You Need Not Learn Everything In Data Science- Honest Talks,,764,https://www.youtube.com/watch?v=-rw3TtDCVRE
99,Getting Started With Dockers- All Basics Command Covered In 1 Video,Docker container technology was launched in 2013 as an open source Docker Engine.It leveraged existing computing concepts around containers and specifically in the Linux worl,157,https://www.youtube.com/watch?v=vnAN9pmgc2g
100,Out Of Bag Evaluation(OOB) And OOB Score Or Error In Random Forest,Out-of-bag (OOB) error, also called out-of-bag estimate, is a method of measuring the prediction error of random forests, boosted decision trees, and other machine learning models utilizing bootstrap aggregating (bagging). Bagging uses subsampling with replacement to create training sampl,172,https://www.youtube.com/watch?v=fXfs_6o_hOs
101,Part 3-Git And Github Series- Resolving Git Branch Merge Conflicts In Simple Steps With Commands,Git is the free and open source distributed version control system that's responsible for everything GitHub related that happens locally on your computer.With platform specific installers for Git, GitHub also provides the,148,https://www.youtube.com/watch?v=J_TLvwNYliM
102,How To Deploy Machine Learning Models Using Docker And Github Action In Heroku,,663,https://www.youtube.com/watch?v=Gs15V79cauo
103,Part 2-Git And Github Series- Git Merge,Push, Checkout And Log With Commands,Git is the free and open source distributed version control system that's responsible for everything GitHub related that happens locally on your computer.With platform specific installers for Git, GitHub also provides the,178,https://www.youtube.com/watch?v=SMqxisMGfYM
104,Part 1-Git And Github Series- Introduction, Installation Of Git And Understanding Basic Commands,Git is the free and open source distributed version control system that's responsible for everything GitHub related that happens locally on your computer.With platform specific installers for Git, GitHub also provides the,495,https://www.youtube.com/watch?v=GW7B6vwktPA
105,How To Apply Jobs From iNeuron Job Portal,,180,https://www.youtube.com/watch?v=Xii_iU9drSU
106,Announcing iNeuron Job Portal-Now Start Applying Jobs,,510,https://www.youtube.com/watch?v=x_6EkOA3eNk
107,Blockchain Hackathon 5.0 In Collaboration With Neo @iNeuroniNtelligence @Telusko,,64,https://www.youtube.com/watch?v=8M1d8C5Dzug
108,Can We Have Multiple Constructors In Python?,,274,https://www.youtube.com/watch?v=2_FqpMbKxf8
109,Announcing Job Guaranteed Full Stack Javascript Web Developer @HiteshChoudharydotcom |July 10th,,128,https://www.youtube.com/watch?v=4-QDspUXS9A
110,Announcing Job Guaranteed Big Data Bootcamp @iNeuroniNtelligence @shashank_mishra,,310,https://www.youtube.com/watch?v=DIvvHPO1Tyo
111,Biggest Announcement In Techneuron OTT Platform @iNeuroniNtelligence,Hello Guys,An Amazing announcement for you all. All the Live Courses that are going to come in iNeuron in the future will also be available in the TechNeuron under just 1 subscription. Currently we have 2,243,https://www.youtube.com/watch?v=41jyTiVDZ_k
112,Pro Tips For Data Science Interviews- Part 1,,385,https://www.youtube.com/watch?v=ZxAK52MAFI8
113,Hackathon 3.0 In Collaboration With Mu Sigma,,160,https://www.youtube.com/watch?v=ZphT1SdwLr0
114,Complete Statistics For Data Science In 6 hours By Krish Naik,Statistics is the discipline that concerns the collection, organization, analysis, interpretation, and presentation of data. In applying statistics to a scientific, industrial, or social problem, it is conventional to begin with a statistical population or a statistical model to be studied,4K,https://www.youtube.com/watch?v=LZzq1zSL1bs
115,Upcoming Affordable Tech Courses From @iNeuroniNtelligence,,218,https://www.youtube.com/watch?v=T8bRC-tfyf8
116,Hackathon In Collaboration With Jetbrains,,127,https://www.youtube.com/watch?v=p4VJ6TBd-dw
117,Prerequisites For NLP Live Community Session For ML And DL,,528,https://www.youtube.com/watch?v=kI8aOYA_G7k
118,Announcing NLP Live community Sessions,,626,https://www.youtube.com/watch?v=w3coRFpyddQ
119,Podcast With Shishir Chandra On System Design at MAANG,Systems design is the process of defining the architecture, product design, modules, interfaces, and data for a system to satisfy specified requirements. Systems design could be seen as the application of systems theory to product development.,95,https://www.youtube.com/watch?v=RltGhq5pCSE
120,How To Be Consistent While Learning Data Science?,One of the biggest challenges facing aspiring data scientists is consistency. If you are able to acquire incremental knowledge and skills in data science on a consistent basis, you’ll be amazed at how much knowledge you’ll accrue in a year or two.,709,https://www.youtube.com/watch?v=PNwRH0Tkin0
121,Importance Of Cybersecurity For Data Scientist,,480,https://www.youtube.com/watch?v=Hws-aaCFh5A
122,Complete Exploratory Data Analysis And Feature Engineering In 3 Hours| Krish Naik,,2.1K,https://www.youtube.com/watch?v=fHFOANOHwh8
123,Automate Financial Data Analysis Using Mito,,204,https://www.youtube.com/watch?v=_qns42BYpik
124,Life At IIt's| AI @ IIT Hyderabad| Podcast With Priya Bhatia,Artificial intelligence (AI) refers to the simulation of human intelligence in machines that are programmed to think like humans and mimic their actions. The term may also be applied to any machine that exhibits traits associated with a human mind such as learning and problem-solving.,279,https://www.youtube.com/watch?v=ouH2L639QDk
125,Announcing Data Science, ML,DL,AI Videos In Hindi @krishnaikhindi,,380,https://www.youtube.com/watch?v=lNckoqrRFbU
126,@iNeuroniNtelligence First Offline 24 hrs Hackathon With Github Community Partner,,212,https://www.youtube.com/watch?v=U7IAvO83HFs
127,Big Data Engineering RoadMap And FAANG Interview Process,,909,https://www.youtube.com/watch?v=97UYEiXRutI
128,Complete Machine Learning In 6 Hours| Krish Naik,,5.6K,https://www.youtube.com/watch?v=JxgmHe2NyeY
129,Why the Journey Matters More Than Your Goal|Motivation,,404,https://www.youtube.com/watch?v=_4zRe8qFSXY
130,Surprise Conversation With FSDS Batch Student|Sucessful Career Transition|Episode 2,Currently in iNeuron there are 3 main program that are going on. Full Stack Data science program with job guaranteed which started from May 6th(Price : 15k+ gst)-Lifetime Access,144,https://www.youtube.com/watch?v=ZEACIDuafEw
131,Podcast With Subham To Understand The Data Science Interview Process In FAANG,,916,https://www.youtube.com/watch?v=sRbiBoO9HNY
132,Deep Learning Indepth Tutorials In 5 Hours With Krish Naik,,2.4K,https://www.youtube.com/watch?v=d2kxUVwWWwU
133,Elasticnet Regression Machine Learning Algorithm Explained In Depth,Our Popular courses:- Fullstack data science job guaranteed program:-bit.ly/3JronjT,162,https://www.youtube.com/watch?v=2IAfQdAPdLY
134,Amazon Data Science Hiring Process- Part 2,Are you from a non technical or non programming background and you want tomake a career transition towards the data analytics industry.If Yes,iNeuron is coming up with a 6 months Live Full Stack Data Analytics Bootcamp with jo,421,https://www.youtube.com/watch?v=-JP3yjtK0M8
135,Suprise Call With iNeuron FSDS Students For Live Review-Episode 1,Are you from a non technical or non programming background and you want tomake a career transition towards the data analytics industry.If Yes,iNeuron is coming up with a 6 months Live Full Stack Data Analytics Bootcamp with jo,345,https://www.youtube.com/watch?v=Cf1BlqdIFU4
136,Finally Got The Github Codespace Access- Deploy, Debug and Test Your App In Cloud In Seconds,,514,https://www.youtube.com/watch?v=xbk-VC1KxbA
137,6 Months Live Data Analytics Bootcamp With Placement Assistance,Are you from a non technical or non programming background and you want tomake a career transition towards the data analytics industry.If Yes,iNeuron is coming up with a 6 months Live Full Stack Data Analytics Bootcamp with jo,917,https://www.youtube.com/watch?v=ju1zNXYiMMo
138,Google I/O 2022 Announcements For AI/ML Developer Community|Must Watch Video,Google, which held its developer conference I/O 2022 late Wednesday, has doubled down on artificial intelligence (AI) and machine learning (ML) development. It is focusing not only on research, but also product development.,508,https://www.youtube.com/watch?v=L_rzhKvVwUw
139,How To Crack Data Science Interviews In Amazon| Discussing The Entire Process,,1.1K,https://www.youtube.com/watch?v=OdT7wEchiL4
140,Best Practises Of Data Science Resume Making,,359,https://www.youtube.com/watch?v=DnPeNl5SOyI
141,iNeuron 2nd Courseathon Announcement- May 9th-June 9th,,190,https://www.youtube.com/watch?v=r1922zzd3_Q
142,Episode 1- Code Cash Show- Initiative To Give Back The Community,,237,https://www.youtube.com/watch?v=E_v1MHJ69wY
143,Pyscript|Run Python In Your HTML,PyScript is a framework that allows users to create rich Python applications in the browser using HTML’s interface. PyScript aims to give users a first-class programming language that has consistent styling rules, is more expressive, and is easier to learn.,665,https://www.youtube.com/watch?v=EZL-jobhKfo
144,Day 2- Live Deep Learning Community Sessions Announcement,,91,https://www.youtube.com/watch?v=eH9lq9y-OLQ
145,5 Days Live Deep Learning Community Session Announcement,,680,https://www.youtube.com/watch?v=8arGWdq_KL0
146,Importance Of POC Projects For Data Science Transition,Our Popular courses:- Fullstack data science job guaranteed program:- bit.ly/3JronjTTech Neuron OTT platform for Education:- bit.ly/3KsS3ye,533,https://www.youtube.com/watch?v=wQ-vslGMiKk
147,Monte Carlo DropOut Layers In Deep Learning,Our Popular courses:- Fullstack data science job guaranteed program:- bit.ly/3JronjTTech Neuron OTT platform for Education:- bit.ly/3KsS3ye,155,https://www.youtube.com/watch?v=ScfwTFV7Aoc
148,Machine Learning Projects CheckList,Our Popular courses:- Fullstack data science job guaranteed program:- bit.ly/3JronjTTech Neuron OTT platform for Education:- bit.ly/3KsS3ye,576,https://www.youtube.com/watch?v=INplV5umKvY
149,Solve This Statistics Interview Question If You Can,Our Popular courses:- Fullstack data science job guaranteed program:-bit.ly/3JronjT,335,https://www.youtube.com/watch?v=JjDYEzpxCjY
150,Look At the Brighter Side- Motivational Story To Keep You Focussed,Our Popular courses:- Fullstack data science job guaranteed program:-bit.ly/3JronjT,564,https://www.youtube.com/watch?v=FCdXvrcBAGE
151,iNeuron And LCO Merger- Gifts Give Away,,444,https://www.youtube.com/watch?v=llDretTTw30
152,Openai DALL.E 2 AI System- Lets Recreate Your Imagination,DALL·E 2 is a new AI system that can create realistic images and art from a description in natural language.Check the openai website below,255,https://www.youtube.com/watch?v=DzXhzWanCP4
153,Mindset For Learning Data Science,Our Popular courses:- Fullstack data science job guaranteed program:-bit.ly/3JronjT,966,https://www.youtube.com/watch?v=uU4SnGdMTH0
154,Are Software Engineering Jobs Roles More Than Data Science/AI?,Our Popular courses:- Fullstack data science job guaranteed program:-bit.ly/3JronjT,334,https://www.youtube.com/watch?v=mN-0jnKw6WY
155,7 Most In Demand Tech Skills to Learn in 2022,Our Popular courses:- Fullstack data science job guaranteed program:-,678,https://www.youtube.com/watch?v=UUupae3mw_Q
156,Brief Introduction To Knowledge Graph In NLP,A knowledge graph, also known as a semantic network, represents a network of real-world entities—i.e. objects, events, situations, or concepts—and illustrates the relationship between them. This information is usually stored in a graph database and visualized as a graph structure, prompting the term ,288,https://www.youtube.com/watch?v=WZilmUNVm2U
157,Data Science Is A Process And Not Just Model Buidling,Our Popular courses:- Fullstack data science job guaranteed program:-,379,https://www.youtube.com/watch?v=iiJM7LuiYlA
158,Sharing My Experience As A TEDx Speaker,Our Popular courses:- Fullstack data science job guaranteed program:-,148,https://www.youtube.com/watch?v=E6dlqEJKldw
159,Steps To Define Key Performance Indicators(KPI's) for Data Analyst,Our Popular courses:- Fullstack data science job guaranteed program:-,447,https://www.youtube.com/watch?v=zIwCtA3iU1I
160,Now You Can Earn From @iNeuroniNtelligence,Our Popular courses:- Fullstack data science job guaranteed program:-,363,https://www.youtube.com/watch?v=zOiNTDwcS20
161,4 Evergreen Job Profiles In IT Companies- Part 1,Our Popular courses:- Fullstack data science job guaranteed program:-,767,https://www.youtube.com/watch?v=jfnepXHPJZY
163,Automated Python Generation from the Mito Spreadsheet,,230,https://www.youtube.com/watch?v=kM_FMkkRWR8
164,iNeuron Meet Up With @HiteshChoudharydotcom 27th March 2022,Hey,iNeuron is announcing a new meetup on the 27th of March 2022 where you will be hosted by Mr.Hitesh Choudhary & Mr.Krish Naik, at our iNeuron office in Bangalore.,128,https://www.youtube.com/watch?v=n-4fWmu0f9A
165,Motivational Stories From iNeuron Meet Up,Our Popular courses:- Fullstack data science job guaranteed program:-,215,https://www.youtube.com/watch?v=I853fRFvYcY
166,Perform Easy EDA, Feature engineering and Find KPI's With PowerBI,Our Popular courses:- Fullstack data science job guaranteed program:-,406,https://www.youtube.com/watch?v=B8-JkQsRbXM
167,PowerBI Vs Tableau| Which One Should You Use,Our Popular courses:- Fullstack data science job guaranteed program:-,751,https://www.youtube.com/watch?v=V32qAs5aypA
168,Meet Me And iNeuron Team This Sunday(13th March),Hey There,iNeuron is welcoming you all for its first official meet-up at its new office in Bangalore where Sudhanshu & Me will discuss emerging technological trends along with many other interesting discussio,97,https://www.youtube.com/watch?v=Zfn-o9o95J0
169,Time Series Vs Non Time Series Problems- Why Time Series Forecasting Is Difficult?,Hello Guys, Lifetime Time Offer Access is extended till March 31st 2022,497,https://www.youtube.com/watch?v=whmI0WHuIK4
170,OneNeuron Lifetime Time Access Offer Is Extended till March 31st 2022,Hello Guys, Lifetime Time Access Offer is extended till March 31st 2022,163,https://www.youtube.com/watch?v=fg250IxBrGs
171,Announcing Time Series Live Session With Syllabus And Prerequisites,Hello Guys,An Amazing news for the people who have taken oneneuron Lifetime Subscription. Now we have included 22 amazing courses developed by @Hitesh Choudhary in our one neuron platform. ,669,https://www.youtube.com/watch?v=vhI0Nr1hHCY
172,My Updated Recording Gears For Video Content Creation,,101,https://www.youtube.com/watch?v=EOs0azfufY4
173,Differences Between Microcontroller And Microprocessor-Nvidia Jetson Nano- Ft: Sunny,The Oneneuron Lifetime subscription has been extended.In Oneneuron platform you will be able to get 100+ courses(Monthly atleast 20 courses will be added based on your demand) ,79,https://www.youtube.com/watch?v=ODFq7mcPRBg
174,Announcements And Upcoming Live Sessions- Must Watch,The Oneneuron Lifetime subscription has been extended.In Oneneuron platform you will be able to get 100+ courses(Monthly atleast 20 courses will be added based on your demand) ,354,https://www.youtube.com/watch?v=qcR8YzMP1rM
175,Prerequisites To Attend The Live Session On EDA And Feature Engineering,,1K,https://www.youtube.com/watch?v=bTN-6VPe8c0
176,Announcing Next Community Session 7 Days Live Session From 17th Feb,,646,https://www.youtube.com/watch?v=sHAesX11GD0
177,Best Laptops For Data Science In 2022 With Geforce RTX GPU's,,873,https://www.youtube.com/watch?v=Suq74qfwmaA
178,Interview 1-MySQL Interview Question With Solutions- Solving Queries- Part 2,,415,https://www.youtube.com/watch?v=KTdItTJVvFQ
179,Announcing Kids Tech Oneneuron Platform- Now Kids Can Learn Amazing Tech,,61,https://www.youtube.com/watch?v=vnCvZc3dy1A
180,Announcing Live Classes And Course-A-Thon In One Neuron Platform,,239,https://www.youtube.com/watch?v=QGsy07tQ270
181,Interview 1-MySQL Interview Question With Solutions- Part 1,,604,https://www.youtube.com/watch?v=nEYdSiKygCI
182,Definition Of Bias And Variance In Machine Learning- Interview Question,,325,https://www.youtube.com/watch?v=BLkBXPN7IXU
183,Announcing 7 Days Live Sessions On Machine Learning Algorithms(Feb 1- Feb7th),,1.5K,https://www.youtube.com/watch?v=z8sxaUw_f-M
184,Earth In 2050,,336,https://www.youtube.com/watch?v=ePHlFloOL2A
185,How To Calculate P Value In Hypothesis Testing,,285,https://www.youtube.com/watch?v=L3PqinKUfX4
186,Tutorial 9- MYSQL Stored Procedures -MySQL Complete Playlist,What is a SQL Stored Procedure?The stored procedure is a prepared SQL query that you can save so that the query can be reused over and over again. So, if the user has an SQL query that you write over and over again, keep it as ,683,https://www.youtube.com/watch?v=vFZ5rtf71WU
187,Tutorial 8- Discussing All Types Of Joins -MySQL Complete Playlist,,382,https://www.youtube.com/watch?v=_OfQeKAUFtA
188,Vision Of OneNeuron Platform- How We Are Solving All Your Problems?,The Oneneuron Lifetime subscription has been extended.In Oneneuron platform you will be able to get 100+ courses(Monthly atleast 20 courses will be added based on your demand) ,323,https://www.youtube.com/watch?v=sZuzxy_hV6s
189,Finish Work Faster with Acer Nitro 5 equipped with NVIDIA GeForce RTX 3060,,1K,https://www.youtube.com/watch?v=MZU4BcMFw7w
190,Important Components In A Drone,Subscribe  @Krish Naik Vlogs   channel for more educational videos on finance and investmentPlease donate if you want to support the channel through GPay UPID,Gpay: krishnaik06@okicici,242,https://www.youtube.com/watch?v=8DvrC3m0Htk
192,Tutorial 7- Interview Preparation MySql Views-MySQL Complete Playlist,In SQL, the view is a virtual table based on the result-set of an SQL statement.  A view holds rows and columns, similar to a real table. The fields in a view are fields from one or more real tables in the database.  You can add SQL functions, WHERE, and JOIN statements to a view and present t,313,https://www.youtube.com/watch?v=p7pYiynUNAo
193,We Use Stats Everywhere!!,,176,https://www.youtube.com/watch?v=k__uZ5X_oKM
194,Smartphone Controlled RC Car Using Arduino #shorts,Smartphone Controlled RC Car Using Arduino,111,https://www.youtube.com/watch?v=wE0rcyksU3k
195,iNeuron New Office Tour 2022,,1.6K,https://www.youtube.com/watch?v=O74DzHj_-FI
196,Tutorial 6- Indexing In MySQL-MySQL Complete Playlist,CREATE INDEX statement in SQL is used to create indexes in tables. The indexes are used to retrieve data from the database more quickly than others.The user can not see the indexes, and they are just used to speed up queries /searches.,313,https://www.youtube.com/watch?v=xDDlB51dX5E
197,Tutorial 5- Primary Key, Foreign Key, Check And Default Constraints-MySQL Complete Playlist,SQL constraints are used to specify any rules for the records in a table. Constraints can be used to limit the type of data that can go into a table. It ensures the accuracy and reliability of the records in the table, and ,386,https://www.youtube.com/watch?v=z-Zg39LzcW8
198,Raspberry Pi Installation, Set Up And Object Detection Application- AI In Hardwares,,370,https://www.youtube.com/watch?v=HnjGunbK4u8
199,Tutorial 4- SQL Constraints Part1 - My SQL Complete Playlist,SQL constraints are used to specify any rules for the records in a table. Constraints can be used to limit the type of data that can go into a table. It ensures the accuracy and reliability of the records in the table, and ,414,https://www.youtube.com/watch?v=cKNQRAMoQHw
200,AI In Hardware,,1.1K,https://www.youtube.com/watch?v=1DL6w0EUQNs
201,My 5 Developer And Entrepreneur Goals In 2022,,183,https://www.youtube.com/watch?v=4H-FqixiZ-M
202,Road From 0-500K Subscribers-Special Video,,171,https://www.youtube.com/watch?v=y01uQXti3e4
203,Covariance,Pearson Correlation And Spearman Correlation Coefficient With Real World Examples,,251,https://www.youtube.com/watch?v=jPwRlpefNY4
204,All The Job Offers That I Had In My Career,,612,https://www.youtube.com/watch?v=yBY-sdnOc9E
205,Tutorial 3-MYSQL NULL Values, UPDATE,DELETE,ALTER Query-Complete MySQL Tutorial,,634,https://www.youtube.com/watch?v=7s0kdfiTLRE
206,Complete Roadmap For Becoming A Blockchain Developer In 2022,In this video we will discuss about the entire roadmap for becoming a blockchain application developer in 2022Timestamps,2.1K,https://www.youtube.com/watch?v=djgtWqkZE84
207,Tutorial 2-Create and Drop Database and Table-Complete MySQL Tutorial-,,1.1K,https://www.youtube.com/watch?v=9DwlJSlwvqY
208,Experience Metaverse With These Platforms- What Is Metaverse?-Blockchain,In this video we will discuss my experience with metaverse using decentraland,sandbox, and axieinfinityTimeline--------------------------------------------,263,https://www.youtube.com/watch?v=7f4tnQ9bcKU
209,What Recruiters Are Looking From Freshers And College Students For Jobs?,In this video we will discuss about what the recruiter is looking from freshers and college students for jobs in 2022Timeline,666,https://www.youtube.com/watch?v=h85H_XZvX4I
210,Updated Skills For Data Science Based On Experience In 2022,,1.4K,https://www.youtube.com/watch?v=Akl7ndShTbo
211,RoadMap With Minimal Skills To Become Data Analyst In 2022,In this video we will discuss about the roadmap to become data analyst in 2022Timeline--------------------------------------------,7.7K,https://www.youtube.com/watch?v=lzP14izI4lQ
213,Learning Data Science In 2022- Step By Step Plan,,7K,https://www.youtube.com/watch?v=C9eZclkoWSs
214,Technology That Can Create An Impact In 2022,,599,https://www.youtube.com/watch?v=UxZuO3CJtq8
215,My YouTube Channel 2021 Rewind,Here is my recap of 20211. Aimed at half million subscriber(currently  at 4.93)2. Got our pre series funding for ineuron ,241,https://www.youtube.com/watch?v=qutnF_qmJp4
216,Learn How to Set Up Goals Like A Pro In 2022,,475,https://www.youtube.com/watch?v=8LwIk99qYyo
217,How Much Did I Earn From YouTube In 2021,,1.2K,https://www.youtube.com/watch?v=9dbB_wqjbUY
218,Why Everybody Should Code In 2022,,609,https://www.youtube.com/watch?v=mbYEhK-HcmM
219,Planning To Change My Profession- From Data Scientist to Tik Tok Star #shorts,,1.6K,https://www.youtube.com/watch?v=-VwvfiuGPow
220,iNeuron Projectathon 2021 Winner Announcement- Prize Money 2 Lakhs Rs INR,,209,https://www.youtube.com/watch?v=E2F-Oa1bYsQ
221,What Is Smart Contract In Ethereum Blockchain?,"smart contract" is simply a program that runs on the Ethereum blockchain. It's a collection of code (its functions) and data (its state) that resides at a specific address on the Ethereum blockchain.Smart contracts are a type of Ethereum account. This means they have a balance and they c,276,https://www.youtube.com/watch?v=TH8ntzkdtLk
222,What is Web 3.0?,Web3, short for Web 3.0 is the next version of the internet, where services will run on blockchain. Majority of the Web 2.0 operations are controlled by tech giants such as Amazon, Google and Microsoft but Web 3.0 is de-centralised where data is distributed across networks and no single entity owns the ,711,https://www.youtube.com/watch?v=hBD2CLYdjiM
223,What Is NFT In Blockchain?,,370,https://www.youtube.com/watch?v=If0NLAp3Idk
224,Does OneNeuron Include Full Stack Data Scientist Course?,,759,https://www.youtube.com/watch?v=yilLCG5L4UI
225,My Speech-OneNeuron OTT Platform Launch,,584,https://www.youtube.com/watch?v=N9-e4Vq8hp0
226,Roles And Responsibilities Of Devops Engineer- Highest Paid Salary,,402,https://www.youtube.com/watch?v=pMv5idWmTvQ
227,Lifetime Subscription Offer Of OneNeuron Platform Till Jan-15-2022,,1.1K,https://www.youtube.com/watch?v=W-tE_ZP1zv4
228,OTT Platform For Education OneNeuron- Education As A Service,,957,https://www.youtube.com/watch?v=M-UpXWGxZe4
229,Roles And Responsibilities Of An AI Engineer,,507,https://www.youtube.com/watch?v=gzJGqML4j5k
230,Tutorial on Automated Machine Learning using MLBox,,539,https://www.youtube.com/watch?v=FKEJ2_T9swo
231,Companies That Has Regular Job Openings For Data Science,,1.2K,https://www.youtube.com/watch?v=PUMFSfUQ6FI
232,Face Matching Application Using Deep Learning End to End Implementation,,777,https://www.youtube.com/watch?v=TYaYeLsnljI
233,3 Ways To Efficiently Increase Your Salary In Data Science Job Switch,,442,https://www.youtube.com/watch?v=_XjxOPo1LPE
234,iNeuron Full Stack Data Science Course With Job Guarantee,Hello Guys,Last week leftFinally iNeuron is happy to announce Full Stack Data Scientist with 1 year Internship and Job ,493,https://www.youtube.com/watch?v=poJ05JtqKZU
235,The Best Book For Learning & Get Your Basics Strong In Data Science,,1.4K,https://www.youtube.com/watch?v=DqxG2rme_jI
236,This Is The Perfect Resume For Data Science Role,,2K,https://www.youtube.com/watch?v=9t56T1wRm7Y
237,Skills Based On Experience For Data Science Roles,,598,https://www.youtube.com/watch?v=p9U4Gg5uu4M
238,Day 3- Final Results Announcement- KIET Hackathon,,223,https://www.youtube.com/watch?v=MdAxsC0eTpE
239,Day 2- 24 Hours Hackathon Competition Vlog At KIET,,267,https://www.youtube.com/watch?v=a1DsrZKWN5o
240,Day 1-AI and Machine Learning Hackathon Workshop For KIET,,507,https://www.youtube.com/watch?v=oqTtbv18jyg
241,Trailer- Ineuron First College 24 hours Hackathon 2021 At KIET Kakinada,Hello Guys,Post Covid This was the first ineuron hackathon in a college at KIET college. The hackathon was for 24 hours and it was a 3 days event. ,463,https://www.youtube.com/watch?v=KkAGcHrBTyQ
242,Is This An Efficient Way To Handle 90 Days Notice Period?,,339,https://www.youtube.com/watch?v=C30-YjuXTNQ
243,Create Your Custom Dataset Using Faker Library,,232,https://www.youtube.com/watch?v=w9zBy6f224I
244,INEURON DIWALI CELEBRATION VIDEO,Hello All,Finally iNeuron is happy to announce Full Stack Data Scientist with 1 year Internship and Job Guarantee Program starting from 27th November 2021 and the class timing is from 10am to 1 pm and t,536,https://www.youtube.com/watch?v=xp0EhyraFB4
245,Suggest Me Some Ideas Give Aways,Hello All,Finally iNeuron is happy to announce Full Stack Data Scientist with 1 year Internship and Job Guarantee Program starting from 27th November 2021 and the class timing is from 10am to 1 pm and t,142,https://www.youtube.com/watch?v=liNu3Rg2V2I
246,Python – Different Ways To Import Module From Different Directory,Hello All,Finally iNeuron is happy to announce Full Stack Data Scientist with 1 year Internship and Job Guarantee Program starting from 27th November 2021 and the class timing is from 10am to 1 pm and t,443,https://www.youtube.com/watch?v=I5VE2dHeKGE
247,Tutorial 3- What is Blockchain Technology, and How Does It Work?,Hello All,Finally iNeuron is happy to announce Full Stack Data Scientist with 1 year Internship and Job Guarantee Program starting from 27th November 2021 and the class timing is from 10am to 1 pm and t,187,https://www.youtube.com/watch?v=UZ0Yq4Lee34
248,Last Moment Interview Preparation In Data Science,Hello All,Finally iNeuron is happy to announce Full Stack Data Scientist with 1 year Internship and Job Guarantee Program starting from 27th November 2021 and the class timing is from 10am to 1 pm and t,397,https://www.youtube.com/watch?v=AyDoaxyxR1Q
249,Why Sample Variance is Divided by n-1,Hello All,Finally iNeuron is happy to announce Full Stack Data Scientist with 1 year Internship and Job Guarantee Program starting from 27th November 2021 and the class timing is from 10am to 1 pm and t,788,https://www.youtube.com/watch?v=vGsRwB3TsiE
250,Reasons Why Your Resume May Not Get Selected?,Hello All,Finally iNeuron is happy to announce Full Stack Data Scientist with 1 year Internship and Job Guarantee Program starting from 27th November 2021 and the class timing is from 10am to 1 pm and t,726,https://www.youtube.com/watch?v=4qiRLjwiCIE
251,Benefits And Perks Of Working As A Data Scientist,,414,https://www.youtube.com/watch?v=B40rWF65DU0
252,Story Of Bappy- Successful Career Transition From Fresher To Freelancing Data Scientist,,244,https://www.youtube.com/watch?v=PLcK28qEGhU
253,About Demystify AI and OpenVINO™ Toolkit,,78,https://www.youtube.com/watch?v=WD_pBezKLRY
254,Checking My Data Science Resume Score?,,301,https://www.youtube.com/watch?v=-AcaXp6MW_k
255,Intel AI Global Impact Festival,,220,https://www.youtube.com/watch?v=RrdQuas5-CM
256,Learn From These Experienced Data Scientist Resumes,,742,https://www.youtube.com/watch?v=juRBQ_ZtbuY
257,Better Salary Or Better Work? Which One Would You Prefer AS Fresher Or Experienced?,,245,https://www.youtube.com/watch?v=rRKTZOckMRU
258,Few Important Pointers For Preparing Fresher Data Science Resumes,,896,https://www.youtube.com/watch?v=uuicl8lJuyk
261,What We Can Learn From These Resumes For Data Science?,,318,https://www.youtube.com/watch?v=adB-iqTyJX4
262,How to Install Ubuntu in Windows 10 with WSL2-Windows Subsystem for Linux,,66,https://www.youtube.com/watch?v=fWq6ZLRqTZc
263,Complete Implementation Of Perceptron In Deep Learning Using Python From Scratch,,132,https://www.youtube.com/watch?v=UEezYzbraXg
264,Implementation Of Perceptron In Deep Learning Using Python From Scratch- Part 1- Ft: Sunny,,216,https://www.youtube.com/watch?v=lRcNvNduD2M
265,Automated Python Code Generation with Mito,,304,https://www.youtube.com/watch?v=0Y-xE_oWs4k
266,Complete Feature Engineering And EDA In Data Science in 31 Videos,,271,https://www.youtube.com/watch?v=UX2F3iEqOxw
267,Freshers Vs Experience Resume Review For Data Science Role,,435,https://www.youtube.com/watch?v=IjMlk_4KzT8
268,Tutorial 2- Revolutionary Applications Of Blockchain Technology,Blockchain technologies are the digital, distributed, and decentralized ledger representing the most virtual currencies that are accountable for logging all transactions without the need for a financial mediator, such as a ba,306,https://www.youtube.com/watch?v=qcYI3l4i2I0
269,Meet iNeuron Team,,1.7K,https://www.youtube.com/watch?v=9X0ScbtpiGU
270,How Vishwa Made A Successful Career From A Fresher To Data Science,,324,https://www.youtube.com/watch?v=OgfcxAcYs8g
271,Tutorial 1- What Is Blockchain?,KEY TAKEAWAYSBlockchain is a specific type of database.It differs from a typical database in the way it stores information; blockchains store data in bl,852,https://www.youtube.com/watch?v=0JuRzN6T70I
272,Reviewing Mechanical Engineer Resume For Data Science Role,,622,https://www.youtube.com/watch?v=oEoWUp_FTJg
273,Remote Work Vs Working From Office- Which Is Good For Longer Run?,,174,https://www.youtube.com/watch?v=xCmKI5ZutKw
274,Why Companies Hire Less Data Scientist In College Placements? For 2nd Tier And 3rd Tier,,384,https://www.youtube.com/watch?v=NwlSglDfi2w
275,What’s New In Python 3.10? Discussing All The New Features,,332,https://www.youtube.com/watch?v=SOOS7tN0nHg
276,What Role Should You Select In Analytics Industry? Common Q&A,,227,https://www.youtube.com/watch?v=wIyueG1sHVo
277,How To Install Ubuntu Linux In Windows- ft: Paul iNeuron,,139,https://www.youtube.com/watch?v=xiX1MDn-KyU
278,Perform Easy EDA And Generate Python Using Mito,,218,https://www.youtube.com/watch?v=U_X48JTDUk8
279,20+Jobs Opening In Ineuron For Data Scientist,Data Analyst,Cloud Engineer For Freshers- Just Apply,,654,https://www.youtube.com/watch?v=vqTLCsVhK-Y
280,FLAML - Fast and Lightweight AutoML Library By Microsoft,,384,https://www.youtube.com/watch?v=kaEtrkDknTA
281,iNeuron New Office Vlog In Bangalore,,1.2K,https://www.youtube.com/watch?v=hV-YDJbAlLs
282,Mito Turns Your Data Visualizations into Code,,188,https://www.youtube.com/watch?v=cOWBYpiHv0U
283,Time Series Forecasting Made Easy Using Dart Library - Perform Multivariate Forecasting In No Time,,1.1K,https://www.youtube.com/watch?v=sXNXI2mE8DU
284,Important Points To Remember While Discussing CTC And Inhand Salary In Industry,,606,https://www.youtube.com/watch?v=2fNa1nEnW8s
285,Appraisal Vs Resignation- Special Video For Everyone,,536,https://www.youtube.com/watch?v=3-0AdTRR3CE
286,Reviewing A Fresher And Experienced Resume For Data Science Role,,622,https://www.youtube.com/watch?v=N09HwH0-pwo
287,Part 5- Create Image classification Using Google ML Kit in an Android app,In this video we finally add the image labeling library from Google's ML Kit and integrate it with our Image Helper activity.,137,https://www.youtube.com/watch?v=zFNBZZavgbY
288,Problem With Companies On Dealing With Notice Period,,291,https://www.youtube.com/watch?v=HCeftAwqHr8
289,Part 4- Developing UI To Select User image and displaying it in an Android app,In this video we create a UI for our app to start selecting an image from the user's phone Gallery and then display it in the App.,53,https://www.youtube.com/watch?v=cMqn4q0GNNg
290,Why Many People Are Obsessed With FAANG?,,567,https://www.youtube.com/watch?v=Za2tRUQaj3w
291,Common Mistakes While Preparing Data Science Resumes,,334,https://www.youtube.com/watch?v=6KYJ3QW7CoI
292,Part 3- Handling Storage permissions in Android app- Building ML usecases using Tensorflow lite,In this video we create a new project for ML Series and add READ STORAGE permission which allows us to read user's photo and files.,59,https://www.youtube.com/watch?v=DiOfrCFqs0k
293,Suggest More Services That We Should Provide In iNeuron Affordable Courses,,251,https://www.youtube.com/watch?v=el_RZOaUhE8
294,Part 2- Creating and Running a Hello World app in Android Studio,,115,https://www.youtube.com/watch?v=t-L6jkEDfdU
295,The Smallest Data Science Resume- Feedback On Resumes,,534,https://www.youtube.com/watch?v=3GgnzeTT2yc
296,Part 1- Building 7 Usecases of ML on Android App Using Tensorflow Lite- Introduction & Installation,Welcome to this special series on building seven use cases of Machine Learning on Android.Image classification,221,https://www.youtube.com/watch?v=YjpxIzvFfpI
297,Happy Teacher's Day Everyone,,198,https://www.youtube.com/watch?v=Ns7ed4xbChs
298,How To Write Data Science Project Description In Resumes,,661,https://www.youtube.com/watch?v=qV72ZATVzDQ
299,What is Cloud Computing In Layman Terms,,301,https://www.youtube.com/watch?v=X_dL0_6seWs
300,Btech Degree In Data Science In Collaboration With KIET Group Of Institution And iNeuron,,223,https://www.youtube.com/watch?v=p06cNc8fKWI
301,Reviewing Resume For Data Science Role For Freshers- Part 2,,619,https://www.youtube.com/watch?v=1K5ZrZjbes4
